Corny Brixey,22/07/1981,79606.46,59
Konstantin Omrod,22/07/1981,98245.5,0
Aurea Mirralls,26/08/1972,67924.12,10
Cammy Knott,21/03/1994,31983.9,54
Olag Woollons,10/05/1976,3957.37,6
Woodie Tregenza,10/06/1991,83915.94,32
Devland Sam,11/09/1981,70702.07,29
Merle Medina,01/04/1991,73726.56,38
Moore Bartomeu,10/10/1989,6324.02,56
Jacquelin Iacapucci,26/09/1996,67337.1,25
Lexie Maltster,31/08/1992,53290.84,17
Neddie Copyn,14/03/1997,58505.54,32
Ellissa Drains,22/03/1982,18873.01,59
Vernen Lago,02/10/1972,68371.72,9
Patrice Liepins,02/11/1971,17847.51,46
Guillemette Espinal,30/07/1976,75439.09,55
Ami Lofthouse,24/12/1973,81380.49,3
Homerus Osgerby,03/01/1993,4809.13,54
Maurice Lampel,01/09/1992,19113.57,9
Nicko Bonafacino,12/04/1982,72677.19,5
Alica Braidford,27/11/1994,41646.29,14
Gay Acott,18/12/1998,41926.59,43
Frederich Otter,16/05/1992,44483.35,56
Dedie Cassell,01/12/1996,30768.69,31
Carline Maple,04/07/1997,76229.59,8
Reggie Rolfini,25/01/1987,89753.02,54
Elton Janoch,17/04/1974,57220.82,21
Andrus Bolle,15/01/1993,37141.63,44
Nye Bainbridge,06/04/1997,81754,3
Renell Braganca,18/05/1977,37793.66,33
Meta Cogzell,05/07/1989,18650.24,14
Cordey Hughlock,21/08/1990,44954.51,53
Aldous Pulfer,11/12/1977,58555.41,56
Gram Jiruca,27/01/1991,46453.78,50
Sancho O'Luby,29/01/1990,36094.85,43
Robin Parmeter,17/06/1986,19991.54,53
Angelo Skirvin,08/12/1983,82227,17
Dewie Pullan,23/09/2000,41090.77,49
Paul Hinchon,25/09/1984,70802.79,54
Eada Wiggington,08/06/1980,40444.36,46
Hazel Guage,20/11/1982,96149.07,33
Albertine Davidou,19/05/1992,60337.03,52
Jerrilee Locock,21/10/1982,83308.18,22
Brok Blinco,21/04/1997,21410.87,39
Petronille Roe,22/04/1993,83697.45,50
Woodman Spoole,22/10/1972,94129.18,50
Trina Parkhouse,09/01/1979,15461.73,9
Will Lillo,07/05/1992,19341.64,29
Ike Aguirrezabal,28/09/1983,94444.28,27
Jedidiah Gerrelt,24/02/1986,95265.8,38
Maribeth Klesl,22/08/1994,10625.93,33
Gian Harkness,03/07/1972,7594.73,18
Georgia Gutteridge,09/08/1976,42684.74,12
Jimmie Stiven,28/05/1975,67047.36,51
Jessica Matyugin,07/04/1997,2634.95,46
Benedikt Bonnier,13/07/1978,92482.73,29
Shannan Kingerby,19/10/1990,65933.38,7
Liliane Madelin,04/12/1975,44890.76,23
Francesca Brice,02/03/1983,31214.93,33
Alessandro Tournay,29/07/1990,85560.49,42
Iosep Dovington,31/01/1995,76266.78,58
Gratia Dytham,23/02/1980,2567.83,6
Michell Enser,20/05/1986,83835.54,21
Dixie Oats,18/01/1994,4816.11,36
Clevey Dongate,09/06/1982,49755.69,28
Auguste Dooly,21/08/1987,99216.35,3
Latia Pechard,03/09/1994,38950.49,25
Monique Saynor,11/05/1976,16597.6,26
Levi MacAlpin,21/04/1985,76370.93,47
Jessa Vanyutin,10/07/1991,72312.21,10
Reggy Howsan,18/03/1982,47955.78,41
Roselia Giffard,10/03/1997,5185.4,37
Hyatt Leyshon,26/01/1987,33277.62,60
Duffie Flockhart,26/03/1980,61295.09,15
Trevar Romayn,04/11/1997,46911.92,6
Merridie Seeman,08/02/1979,45521.4,57
Mac Pepin,11/10/1991,14795.55,44
Zachery Sobey,14/05/1981,39219.72,41
Mauricio Shropshire,09/12/1989,8770.64,32
Layla Fetherstan,19/06/1998,30537.63,52
Bendite Woolpert,20/02/1989,38528.99,40
Court Brightey,13/08/1986,134.19,55
Cchaddie Poytress,12/09/1988,84444.52,0
Carree Ficken,28/09/1976,41908.9,56
Urbanus Nutkins,08/04/1996,82163.11,43
Catarina Thresh,06/07/1981,93476.7,44
Silva Craigs,20/05/1979,19386.93,33
Ingrim Sloss,20/10/1983,28674.88,60
Hilly Joscelyne,21/09/1996,44249.17,14
Carleton Corkhill,21/12/1977,35065.25,18
Peder Van Weedenburg,15/05/1973,68814.59,58
Emlyn Molohan,06/09/1981,945.05,26
Jonis Goadsby,29/12/1994,99083.26,36
Herrick Verrick,16/06/1973,46337.95,14
Delphinia Mizzen,14/12/1983,57181.16,53
Matias Cuzen,06/06/1977,40873.6,47
Kendra Dorman,17/04/1994,43684.6,44
Marcella Zannotti,22/01/1991,14849.19,55
Demetria Garrett,06/10/1980,79731.41,7
Jeannette Salan,28/04/1992,11345.84,25
Allyson Cours,08/08/1981,45767.08,17
Kendre Gostick,01/09/1981,59999.29,57
Archie Haggath,09/11/1987,34808.83,58
Dana Keach,13/09/1976,72727.15,12
Valaria Douty,28/04/1988,66224.48,40
Nickey Haugen,07/09/1997,16288.72,24
Gwennie Smewing,22/03/1976,58771.89,30
Lukas Plumbley,06/03/1974,80009.97,36
Row How to preserve,23/05/1990,43773.87,28
Seamus Koch,11/11/1984,22430.6,54
Jeanette Hurcombe,09/06/1980,89655.01,9
Jocko Featenby,16/08/1994,54849.93,8
Hal Joscelyne,27/05/1977,75046.06,55
Tersina Ellings,15/08/1983,57823.14,48
Vivienne Kestell,14/04/1982,91098.64,60
Guinna Kemmey,01/09/1988,12024.03,33
Cheston Dewhirst,28/12/1987,57070.97,16
Gunter Ricciardo,31/12/1989,59715.83,28
Reinwald Weeds,23/12/1982,76014.7,41
Rutger Pylkynyton,29/08/1990,68393.45,26
Tan Smithies,11/09/1987,61930.19,52
Meriel Fomichyov,29/02/1972,47589.59,37
Eddy Biddles,17/10/1977,66960.52,50
Eziechiele Pudsall,05/03/1993,83786.15,24
Zorine Booley,14/09/1993,25971.55,29
Glyn Fetterplace,15/11/1983,79491.76,33
Stern Leggett,19/01/1998,13458.05,19
Simona Fryatt,21/05/1981,24952,25
Simonne Jerman,04/05/1977,83053.21,45
Cynthie Cuttell,02/03/1991,13374.51,55
Penny Leglise,11/01/1988,22500.79,13
Ole Moralas,19/04/1995,1778.83,47
Locke Maccrea,20/12/1971,94414.53,18
Mommy Crady,05/06/1995,90057.18,47
Freddie Swendell,15/04/1996,85243.11,2
Abbey Enos,23/08/1990,7537.53,8
Jedidiah Calder,26/03/1991,43414.58,42
Trstram Grimstead,04/07/2000,36498.47,57
Daron Kolakowski,18/11/1999,50421.69,23
Merle Miner,10/08/1989,62510.73,30
Terry Tinton,21/10/1982,24886.4,28
Kingsly Quarlis,18/11/1998,60835.27,31
Erda Stowgill,21/10/1980,47247.26,26
Melany McIntee,29/05/1989,67374.51,56
Geoffry Ortner,23/02/1976,84348.69,6
Persis Gear,03/12/1998,2598.42,1
Nady Athey,27/12/1987,75000.9,5
Neile Charer,06/07/1973,34011.08,21
Leeland Thompsett,22/10/1974,47890.36,38
Shayla Mitchenson,20/08/1999,27115.84,31
Roderic Carl,21/11/1991,61349.78,51
Roana Claypole,22/04/1979,34805.5,58
Nannette Roughey,14/04/1975,88225.64,6
Hermia O'Grady,12/08/1994,85220.88,26
Brant Seton,21/08/1977,56262.45,30
Maxi Sutton,04/03/1991,47707.94,17
Koral Sarten,21/04/1988,71577.67,23
Sherm Guerrieri,12/07/1987,75799.44,40
Fabian Brimson,17/01/1979,72233.29,5
Kareem Bofield,30/08/1985,919.81,48
Raeann Scarce,02/12/1994,40590.03,59
Dun Chapple,13/05/1996,25395.32,13
Alistair Hatfield,05/09/1972,46105.16,4
Lee Gawthrop,07/12/1993,29244.46,23
Malinda Mingard,19/03/1984,16265.01,25
Tiffie Sterry,15/09/1974,67755.84,37
Thaxter Meneely,27/05/1997,61445.5,47
Kevon Hodges,15/05/1990,14964.04,33
Ax Bechley,19/10/1996,42431.55,16
Eward Dangl,23/10/1981,96054.59,6
Yolande Burras,04/12/1977,80894.2,18
Terry Goodwin,29/10/1982,90225.11,41
Katalin Stepto,13/04/1986,88653.88,5
Trevar Dummett,04/08/1993,64347.2,18
Blondy Longland,12/08/1976,2444.88,39
Orville Beteriss,15/05/1991,86479.7,40
Bobette Lainge,02/09/1983,4541.23,33
Fan De Coursey,30/01/1993,50539.58,21
Corri Alvey,29/11/1997,33154.46,18
Richie Ruthen,25/06/1996,37880.1,5
Raven Rayhill,31/01/1986,15898.92,57
Cassandre Newberry,25/08/1989,8482.78,29
Chrysa Gisbourn,25/01/1996,50515.26,33
Isacco Wrassell,15/11/1997,11847.02,45
Dagny Simonite,10/12/1997,62212.03,22
Cinderella Openshaw,15/06/1986,53445.59,3
Suzanna Pabelik,08/12/1989,84449.55,10
Freemon Hadlee,03/08/1977,58378.68,11
Dannie Van Arsdalen,24/11/1989,60171.71,59
Edeline Chopin,01/08/1986,36023.55,17
Cecily Pitrollo,15/05/1987,48235.54,15
Pat Kleinfeld,06/03/1996,8508.51,3
Ashien Brinkworth,15/11/1979,1637.56,45
Ashely Thorpe,01/04/1985,49918.21,26
Goldy Bramo,04/02/1995,16799.24,43
Eileen Killoran,19/10/1977,72958.01,20
Michelle Firks,15/07/1989,77459.48,49
Earl Rizziello,25/11/1989,5619.83,58
Sutherlan Davidde,26/07/1979,41570.69,19
Wallis M'Quharge,30/10/1994,85659.38,50
Esta Antonomoli,22/07/1995,27720.07,46
Emma Vassel,30/09/1971,57554.66,40
Dorene Krochmann,27/08/1986,44220.89,57
Merla McKane,06/04/1992,68815.64,58
Tori Oglethorpe,22/01/1996,1649.4,40
Webster Puttnam,16/08/1988,10103.84,33
Blake Godfrey,18/11/1996,69701.83,40
Margery Hounson,05/04/1991,61746.93,29
Petunia Gunson,17/07/1987,7203.84,31
Trix Cullinan,02/05/1974,56346.86,14
Tore Ilson,23/09/1972,90306.67,59
Claiborne Phelipeau,17/03/1996,28762.83,56
Alayne Paver,14/10/1988,92170.74,42
Hermie Housen,27/06/1973,31373.8,18
Philomena Vignal,06/01/1997,6034.73,30
Arliene MacSween,07/02/1983,36165.51,7
Simmonds Sibthorpe,29/03/1988,21028.98,34
Consuela Aggas,03/12/1982,9488.5,17
Tamiko Ribchester,29/09/1992,93760.99,27
Neron Jewar,21/04/1980,78151.98,42
Teodoor Guyers,15/02/1989,68498.74,28
Crystie Windas,19/01/1985,84891.72,1
Aggie Overill,02/11/1989,94289.73,22
Cole Gegay,25/04/1990,18552.58,51
Minnaminnie Windrass,11/01/1996,91502.38,25
Elsey Diemer,06/09/1994,24896.5,12
Melisse Satchel,25/06/1978,67387.68,2
Rich Winscum,20/09/1978,29111.31,60
Sissy O'Skehan,16/10/1999,15548.08,48
Alis Winsiowiecki,18/06/1984,7842.1,50
Abbe Kender,22/10/1982,49646.09,50
Myrle Jepson,24/04/1984,21385.99,53
Eleanora Pethrick,23/03/1978,53408.27,36
Luz Lintill,07/01/1978,58505.84,55
Lynette Lantuffe,28/09/1987,95218.85,52
Kienan Keough,20/04/1983,4605.92,11
Lyn Douce,24/06/1994,60124.61,20
Lexie Celle,17/03/1977,84533.28,54
Jose Grayson,20/03/1999,91280.3,53
Winna Dysert,09/08/1984,30535.03,52
Barnebas Tapley,11/07/1983,92135.85,36
Tab Bruff,08/11/1982,44846.25,6
Oralle Colquit,23/04/1981,79566.16,14
Nicolea Hessenthaler,27/12/1978,67037.44,25
Thelma Popov,04/03/1983,36497.29,28
Sybila Gheeraert,14/02/1999,24084.26,58
Witty Zavattero,06/08/1973,5993.04,10
Kevina Breinl,02/07/1981,13725.07,50
Kenneth Kilsby,15/03/1978,49120.9,35
Dani Keddy,08/01/1989,51056.61,21
Jeanne Seston,24/03/1983,91715.04,13
Shoshanna Landsman,02/06/1980,93442.67,16
Nelle MacKonochie,07/02/1995,97639.29,33
Ilyse Diggar,25/05/1996,92732.95,40
Enrica Kaas,01/12/1983,18070.47,42
Karyn Petrushkevich,17/04/1994,64492.07,55
Arvy Cranstone,15/06/1994,28199.8,37
Darcie Gilroy,06/07/1975,67511.12,38
Janeczka End,08/04/1981,52336.25,36
Reba McGeown,18/04/1990,8377.85,24
Brianne Haslum,05/09/1984,9215.3,10
Tedman Fulton,24/04/1975,18961.08,41
Ernesto Sealand,09/08/1988,51468.33,20
Jefferson Helm,15/10/1998,11056.77,32
Dugald Menicomb,21/03/1996,46844.43,57
Pollyanna Mechic,13/05/1993,48321.79,26
Skell Garnam,09/05/1996,77808.17,37
Kirsten Kelsey,06/08/1997,41434.98,45
Margarete Dorie,01/06/1972,76976.05,49
Clay Greydon,21/08/1998,50006.16,52
Magdalene Hamal,29/09/1976,38664.86,19
Shir Orwin,10/05/1972,88905.53,7
Patrica Hallan,11/12/1973,64228.87,26
Eula Battill,21/06/1997,53657.03,5
Freeman Safhill,04/02/1991,41084.6,21
Florri Stang-Gjertsen,15/09/1993,4232.9,60
Galvin Toon,07/11/1972,89905.98,17
Barbabas Cruz,09/11/1987,69908.49,5
Tibold Blodget,01/05/1974,89642.69,34
Ami Setterfield,26/10/1991,42046.3,37
Daron Cunnington,19/08/1987,61201.17,32
Orelia Matiewe,24/10/1971,76188.73,18
Yolande Pepys,24/09/1974,61398.52,2
Cheri Walcot,11/01/1981,73029.91,40
Yovonnda Tolerton,20/09/1981,82628.38,5
Fidela Frearson,08/10/1991,15120.77,28
Brennen Rampley,04/11/1977,51703.84,42
Fern Eamer,28/07/1978,55354.42,34
Alberto Boleyn,28/08/1993,79244.66,39
Leela Agastina,16/03/1983,76840.61,60
Arleyne Twiname,16/03/2000,29220.79,16
Peder Mitchel,01/12/1988,96101.09,18
Junette Bosward,29/06/1978,23076.12,46
Ermanno McCathy,10/07/1983,40457.16,10
Roxi Goosnell,23/03/1995,41513.87,22
Matilda Greeves,10/01/1998,29637.13,26
Chadwick Oller,05/03/1992,48297.14,14
Persis Dumberell,25/08/1976,44867.82,30
Trix Maplestone,22/01/1984,2928.22,6
Madalena Espadate,27/03/1978,80614.57,56
Richard MacGuffog,04/08/1978,97893.58,31
Rodi Skayman,27/10/1987,91750.29,1
Collie Pottell,17/08/1991,90930.56,39
Peggie Glasson,04/03/1994,66535.92,60
Stefa Vile,18/09/1992,25673.8,19
Ailee Romanin,09/01/1986,30605.81,10
Meryl Hendrik,12/12/1991,25026.34,55
Mickey Thrustle,11/02/1980,20970.23,46
Tymothy Jowett,22/02/1991,78232.94,51
Mikaela Checklin,26/02/1983,6492.79,49
Erasmus Maughan,01/11/1998,74144.25,4
Grier Taplow,06/10/1996,11609.11,10
Trstram Dun,02/01/1982,23108.16,10
Rabi Dudgeon,24/08/1992,6258.95,8
Hestia Bes,02/09/1976,65919.96,9
Thomasa Blagden,28/01/1989,37437.99,11
Nathaniel Burbury,13/04/1988,33907.93,35
Minnnie Dorran,06/02/1999,77335.18,53
Brina Luce,05/09/1980,64842.38,49
Paddy Haddick,07/01/1982,91527.22,34
Maximo Itzhayek,05/08/1995,46958.7,43
Letti Bland,07/10/1981,65609.19,29
Sascha Del Monte,16/02/1995,8241.52,0
Gusella Woodcroft,25/12/1997,71122.24,45
Norine Checketts,16/03/1986,17971.42,54
Tailor Lazare,28/04/1978,85831.41,59
Silva Seavers,06/03/1974,97510.04,5
Constantino Fernan,07/02/1990,25439.48,54
Harcourt Heugle,16/08/1986,6543.44,53
Arlena Anthon,28/07/1996,41182.35,21
Neda Cuff,19/06/1997,17842.2,25
Clare Labram,28/04/1992,69666.81,52
Morgen Santostefano.,04/08/1997,12880.14,1
Loren Adao,15/09/1989,15901.16,57
Tiebold Mowbury,20/07/1993,45830.92,41
Ivie Tesh,31/01/1974,29246.06,1
Ruthann Yurygyn,02/09/1991,36818.98,12
Earvin Dunphie,16/10/1976,20479.79,40
Eachelle Trounson,04/08/1992,39383.35,40
Hirsch Oxlade,20/12/1974,6341.83,13
Nannie Threlkeld,22/01/1974,72234.39,31
Olympia McInnery,07/12/1992,17597.63,30
Lemmy Margaret,20/09/1994,25053.73,31
Katherina Faucett,09/03/1998,73905.66,19
Genovera Barsam,20/03/1988,46838.37,22
Lesley Gumb,25/06/1995,35019.6,20
Virgil Jerger,30/06/1988,59973.36,44
Boigie Hoggin,23/08/1984,26992.21,16
Janaye Alderson,03/03/1979,31323.74,44
Hubert Knappitt,08/11/1985,88060.02,54
Jim Guenther,05/01/1996,90039.11,23
Nissy Wyldbore,13/04/1974,43517.03,4
Carlene Dimblebee,27/10/1990,81867.03,56
Yurik Collecott,12/11/1996,20110.19,2
Perry Bannon,18/03/1991,95886.36,40
Paloma Tidbury,10/10/1987,55206.26,41
Merrill Goley,09/06/1988,21657.28,31
Man Grogona,14/08/1998,11334.06,48
Torie Whiscard,20/10/1999,98958.37,36
Faydra Gladebeck,12/09/1977,64490.94,29
Phillipe Fundell,07/05/1991,168.63,2
Olympe Gonnel,13/05/1972,69609.29,2
Griz Goosnell,28/03/1996,98329.34,33
Kellen Sterke,10/03/1976,26957.12,19
Keely Fullom,25/09/1999,82770.03,47
Ricky Wardingly,02/08/1973,17126.02,11
Letisha Ramel,04/08/1989,49866.36,45
Vincenz Colman,18/10/1972,85289.3,4
Gennie Brussels,24/05/1984,33306.17,14
Zoe Drakeley,24/07/1972,17363.23,0
Alma Parcall,09/01/1983,91905.26,44
Bronny Tegler,12/07/1976,4268.01,8
Gilligan Winser,21/09/1975,5985.41,20
Abby Franc,02/11/1980,7215.57,8
Neville Alderman,05/03/1996,15984.38,27
Patricio Whittlesea,12/08/1985,92370.52,14
Marie-jeanne Holdall,12/08/1984,62010.36,10
Adda Huyge,29/10/1973,6218.03,37
Griffith Ambroise,10/03/1977,85242.19,53
Nert Tesdale,14/06/1975,49069.95,30
Gail Storms,02/12/1996,55142.2,32
Doria Maleby,09/05/1982,52348.61,18
Ethelda Turn,30/11/1977,78108.8,59
Robby Furze,04/11/1999,86938.72,16
Salim Habron,27/04/1973,25630.25,41
Marla Pounds,26/02/1987,7312.95,8
Berti Harmar,21/06/1992,37022.68,19
Aloisia Lefeaver,08/04/1978,18174.72,56
Etta MacKnockiter,17/06/1997,74860.75,43
Germayne Drissell,19/09/1990,22423.18,28
Ranice Hirtz,12/04/1998,45706,56
Lari Rubega,03/10/1974,5932.28,25
Justinian Ludgrove,23/08/1988,723.37,21
Murry Drysdall,20/09/1988,56710.73,0
King Musso,14/05/1978,67821.71,28
Caldwell Morby,13/03/1996,73904.56,56
Elmo Corradetti,12/06/1983,42969.88,47
Almira Aubray,03/11/1980,91539.23,24
Jourdain Alven,01/02/1978,88863.73,5
Ajay Spilling,24/06/1988,80069.35,42
Leena Inglesant,02/04/1985,11903.07,53
Ives Gullis,14/05/1993,40788.26,34
Cad Rosten,01/08/1990,25296.32,23
Fredelia Lindup,24/08/1999,65777.38,52
Milzie Mackley,29/04/1974,51672.66,35
Stewart Mulcaster,21/05/1992,82754.37,49
Claretta Lorkin,14/12/1974,21334.69,50
Rene Goodered,01/11/1980,38172.64,6
Gavrielle Eard,12/04/1992,82813.45,20
Rodd Durtnell,08/07/1984,66673.69,49
Herta Ray,15/03/1988,6762.49,36
Catie Billson,01/11/1974,42424.74,26
Billie Coleiro,03/01/1979,90326.21,30
Aldon Akeherst,30/01/1973,33517.06,33
Tiffi Ebhardt,30/09/1992,87447.96,36
Stearne Walrond,15/04/1995,39637.72,56
Rafaelia Botton,06/01/1979,85806.97,53
Steffane Geal,12/08/1996,57311.21,14
Rosella Burnup,18/03/1983,50420.01,27
Elinore Batecok,20/12/1978,37842.55,40
Tobin Wilacot,09/09/1983,52362.82,47
Marty McMahon,08/06/2000,15889.87,27
Grazia McGeechan,24/04/1980,24078.54,24
Vaughan Delahunty,19/07/1991,63108.79,18
Ardeen Josskovitz,28/08/1999,40115.21,55
Mela Stoggles,17/08/1985,12259.83,46
Kathryne Fettis,24/04/1997,26054.21,21
Ethelbert Bernardino,20/12/1974,19521.41,4
Ariana McTerrelly,14/07/1975,25671.57,42
Karlee Binford,27/12/1994,89447.72,26
Veronica Sturdy,25/10/1975,46493.91,47
Winonah Savine,04/09/1986,52385.42,4
Herschel Bostock,21/04/1986,91531.47,12
Cointon Le Blond,01/11/1972,61036.08,26
Zolly Pottiphar,04/02/1992,19105.91,26
Shepherd Dubbin,01/01/1990,51813.57,26
Pandora Wescott,09/02/1983,7277.86,57
Ancell McDuffy,29/11/1988,38456.48,43
Sutton Barham,01/05/1986,93111.01,32
Jania todor,12/11/1983,36509.8,27
Pasquale Ruffy,14/01/2000,83797.05,2
Dennis Ribey,26/06/1992,50845,29
Arv Burnip,05/11/1985,4078.51,35
Timi Manuely,15/07/1980,49163.14,11
Tyson Smeath,14/05/2000,15922.16,6
Efrem Priestland,06/06/1983,71783.12,3
Alvinia Gallacher,24/11/1981,77916.59,14
Mead Tuckley,26/08/1988,27427.02,25
Puff Deverell,09/06/1995,4530.07,34
Karna Plante,23/01/1987,46454.02,29
Blanch Challis,21/01/1978,77669.14,3
Addie Francecione,01/11/1996,29508.83,15
Isis Guy,09/03/1979,9610.36,54
Thacher Rallin,12/05/1979,68833.54,28
Farlee Soper,29/06/1972,36436.28,23
Cale McGowan,30/03/1994,97362.9,9
Ibrahim Gabrieli,02/05/1981,98296.77,37
Melodee Gwalter,09/10/1980,51254.11,56
Vicki Van der Linde,09/12/1990,77096.15,51
Cad Brigstock,22/07/1977,68330.64,59
Tiffie Stolz,05/08/1975,23272.02,47
Jamison Trew,31/05/1986,53173.07,52
Debbi Rollinshaw,12/11/1986,39126.71,4
Aldwin Natwick,27/09/1973,71184.29,28
Evaleen Vannikov,18/10/1979,24607.13,27
Lizabeth Dimmick,26/06/1990,16283.74,22
Sherline Antonowicz,27/04/1992,98739.57,8
Marris Gerok,14/08/1977,64112.73,13
Jandy Gorke,17/06/1998,38768.15,51
Delphinia Kirsopp,04/04/1984,13701.44,17
Yoshiko MacAless,15/07/1993,30425.69,45
Violante Ciccerale,24/06/1974,54106.64,45
Cob Schrader,01/09/1988,97960.26,30
Josefa Brehaut,21/03/1977,94641.6,28
Lynnell Tratton,05/08/1979,51670.99,45
Bruce Swyre,30/04/2000,37059.99,0
Florentia Cazin,24/01/1980,81494.08,9
Zacharia Sergean,07/10/1985,33747.25,29
Trevar Trimme,19/12/1974,98506.48,49
Janka Digg,09/08/1986,33048.24,24
Sofie Vischi,01/11/1983,40599.82,34
Ferris Tenaunt,30/07/1999,81417.89,44
Manolo Shirley,22/05/1980,58577.81,29
Sidnee Cootes,12/09/1981,44338.16,53
Arlyn Fleming,25/03/2000,34925.67,21
Karmen Allington,08/02/1982,55368.33,0
Romain Hayton,04/12/1991,23425.67,28
Tan Skingle,09/06/1977,32477.2,38
Lynnelle Hawksworth,11/05/2000,39999.64,32
Fawn Varnam,22/02/1974,67470.37,8
Jessalyn Darthe,08/02/1980,12603.07,24
Farlee Kilbourne,25/11/1981,42499.4,50
Whittaker Dun,13/12/1991,77759.51,10
Guinevere Sleaford,14/11/1996,10465.45,28
Barnabe Hancorn,18/12/1979,36863.26,32
Blayne Swatridge,28/09/1979,64702.59,32
Burgess Lohrensen,20/10/1980,10833.24,44
Nikolaos Crebbin,06/12/1975,40215.94,20
Melany Heitz,07/03/1978,6115.2,36
Kristofer Borland,29/03/1998,80655.6,37
Charissa Hastelow,14/12/1975,66483.78,39
Shep Ludye,26/02/1997,46366.79,15
Vevay Tewes,11/11/1986,31017.63,7
Wendi Albro,30/07/1993,6203.04,60
Farica Goodenough,05/02/1989,18347.41,31
Nataline Trevethan,09/03/1987,51142.36,16
Weylin Macconachy,02/01/1974,91242.62,60
Zane Margaret,28/01/1994,92029.82,28
Tatiania Lethieulier,26/10/1977,59226.71,10
Paola Girone,29/06/1990,76694.56,49
Farrell Lapworth,20/04/1972,52561.39,23
Diandra Ellwood,25/08/1973,76852.38,34
Marla Benbough,30/06/1973,13645.3,29
Earlie Stickles,15/12/1971,18262.09,17
Anna-maria Scurlock,10/10/1993,49117.68,43
Ray Freyne,17/02/1974,86090.91,38
Rosy Draayer,25/02/1977,95993.49,44
Kippy Malenoir,23/10/1975,48400.76,1
Jacquelin Golde,07/02/1997,84623.64,37
Malchy Cleeton,26/01/1972,37767.95,3
Oates O'Doran,08/08/1992,65521.05,3
Vivien Lailey,10/03/1993,81147.49,32
Laureen Strode,18/02/1974,2692.91,32
June Dressel,04/02/1985,33268.66,0
Leona Meadus,02/12/1983,71034.28,12
Hashim Ruhben,05/07/1978,95638.07,33
Georgi Simonazzi,29/12/1986,10161.94,7
Benoit Avent,02/03/1977,52995.87,46
Sandor Kimmel,17/09/1994,26269.18,32
Tabbi Pickring,11/08/1998,43333.52,48
Mady De Mattia,18/05/1988,25342.3,15
Sabrina Spoole,17/01/1982,70653.19,44
Saunderson Servante,23/12/1979,1255.85,27
Carissa Theunissen,13/06/1995,67556.99,57
Starla Mitskevich,07/07/1998,98105.43,45
Ealasaid Dodwell,10/07/1979,315.17,6
Isidore Echalier,26/12/1983,82946.22,28
Reina Bales,09/10/1998,32638.67,40
Karie OIlier,05/02/1982,19814.63,52
Maxine Piperley,18/06/1980,47723.6,5
Quintin Medley,04/01/1991,31572.33,33
Sayres Harm,05/02/1998,45616.66,1
Meggy Kerin,12/02/1997,4716.32,5
Rudyard Mannering,17/10/1979,17094.51,24
Katheryn McClifferty,27/07/2000,6010.1,44
Mark Aberchirder,06/11/1980,79965.44,4
Currie Gurling,26/11/1975,21786.04,26
Lani Sowley,03/01/1993,80298.75,12
Arleen Rival,28/03/1978,61744.32,18
Nonah Toms,27/03/1989,50573.57,41
Clare Doers,01/02/1988,3111.2,49
Marla Lowrance,13/07/1997,63121.55,0
Herc Ivankin,12/08/1972,93479.84,9
Onfroi Olivier,04/05/1992,66605.21,2
Suzi Tomkiss,12/07/1991,76368.74,25
Lanita Exon,25/12/1972,50606.08,14
Colette Vaughten,22/07/1982,66208.27,45
Ivy Stirling,25/05/1986,4233.24,30
Walden McIlraith,08/09/1975,48732.36,32
Fabien Bodicam,17/12/1992,78317.06,50
Gabriele Romme,20/11/1998,31888.1,34
Nedda Shelvey,15/02/1981,95664.15,40
Normy Regan,31/08/2000,44244.45,49
Iver Bruggen,12/07/1975,99859.28,14
Vania Iacovazzi,14/06/1998,73013.71,47
Virgie Anger,10/01/1989,89480.03,19
Mab Gleadle,27/09/1995,78207.37,42
Matilda Mattiassi,26/02/1992,31840.16,23
Danell Brommage,22/01/1998,63016.18,33
Linnea Challes,19/03/1990,34850.02,39
Garey Riggeard,08/06/1990,83304.85,3
Shaun Eyam,15/11/1988,37500.35,32
Sarine Pavkovic,21/03/1985,93758.3,42
Kasey Bohlin,25/02/1998,41860.62,17
Didi Thomassen,13/10/1989,74040.49,14
Almeria Ladon,31/03/1981,53601.84,16
Gabrielle Carlos,31/05/1988,7426.22,3
Abigale Wilson,30/09/1994,68817.86,47
Aron Vear,07/01/1990,11759.63,36
Gaby Firk,01/03/1982,33917.94,22
Cheryl Hewertson,21/11/1997,17453.43,5
Catrina Kettlestring,01/10/1987,66336.37,0
Christiane Littlejohn,22/07/1978,20967.84,53
Harlie Georgeon,01/08/1991,38775.53,3
Mitchael Menchenton,14/04/1987,28534.09,50
Enrico Celloni,22/08/1995,54481.25,3
Nap Millthorpe,08/01/1991,93777.63,17
Oliver Aulsford,17/03/1989,79905.92,8
Hersh Gerin,04/11/1999,79434.82,31
Alard Willavoys,25/03/1975,15481.26,9
Eirena Trelevan,12/03/1989,4949.15,55
Kincaid Revens,15/02/1999,48682.81,48
Aldridge Rhelton,15/05/1978,1205.9,53
Silvester McKinney,04/02/1973,91032.35,7
Min Aizikovich,07/07/1994,83847.73,59
Alica Copozio,11/09/1994,730.56,14
Rory Fairbridge,02/04/1996,50324.78,58
Ulrike Dorracott,26/06/1985,51744.29,59
Francois Fibbings,13/11/1992,62772.72,13
Eula Hatherell,26/09/1987,78178.94,0
Emlyn Loddy,26/02/1974,6039.21,2
Amandi Drummer,14/10/1984,1299.42,39
Celia Cicchetto,17/03/1976,44453.09,42
Jeddy Grono,24/10/1973,10507.51,43
Aaron Shewsmith,11/05/1994,96545.81,34
Lynnet Kinver,17/09/1980,82431.6,53
Marys McArthur,25/10/1972,12590.01,22
Anneliese Hakonsen,03/03/1981,48776.69,24
Shae Bothwell,17/05/1988,18031.72,59
Daryle Corpes,22/03/1976,31898.46,9
Judith Barajas,20/04/1995,61594.11,30
Mindy McRobb,24/11/1977,44731.33,15
Kaitlyn Houltham,29/05/1990,39225.99,53
Rowena Blodgetts,24/10/1983,51486.35,16
Burch Prisk,27/04/1978,71231.09,29
Baron Jedrzejczak,12/11/1974,69690.03,1
Hedwig Ondrusek,19/02/1978,97532.03,58
Goldarina Schrader,12/07/1988,61649.98,7
Tiffanie Elleyne,10/10/1994,20181.7,39
Melva Skirvin,12/11/1988,27085.72,56
Jillana Desmond,19/03/1996,18597.88,49
Daisi Likly,28/03/1980,51033.87,21
Lorita Franek,12/01/1994,13649.63,25
Sherline Saturley,19/12/1980,94228.71,24
Evonne Nelthorpe,26/02/1996,42043.24,22
Berthe Estcourt,02/04/1995,46798.24,50
Mikol Bastide,25/06/1978,51724.99,26
Maisie Priddie,17/12/1985,32928.28,55
Loree Loney,27/05/1982,69067.45,56
Sophi Wyett,29/09/1996,79234.63,42
Catlaina Rappaport,26/12/1972,5528.9,15
Smith Tyler,08/05/1994,31480.97,58
Tyrone McKean,08/10/1988,69448,50
Hoyt Sparkes,17/09/1992,41504.24,7
Nicky Guiton,09/05/1995,52285.01,57
Julia Okenden,31/05/1975,26352.3,47
Clarie Eldridge,23/07/1999,62890.24,24
Thomas Domke,21/12/1977,26217.19,26
Natty Oxtiby,26/11/1992,32110.36,54
Mortie Odam,25/02/1986,61574.13,19
Andrus Chiplen,21/08/1981,3472.49,23
Verge Byway,28/08/1989,12839.04,48
Bartlett Lamzed,22/09/1984,71935.27,57
Randee Bonar,17/06/1999,771.5,35
Hugibert Edbrooke,19/11/1997,5692.06,59
Roslyn Courtliff,03/01/1984,75916.82,54
Kariotta Ghest,11/05/1975,89952.6,13
Vinny Brave,31/08/1980,94896.32,58
Lorinda Klimentyev,02/01/1994,97940.4,26
Jillane Wait,22/03/1976,69242.28,4
Emmie Furlong,18/08/1979,32312.21,12
Wynny Southern,23/08/1983,2581.84,56
Karyl Dutnell,01/08/1987,50663.02,16
Werner Towers,14/02/1979,55883.1,42
Roi Espinha,21/02/1990,73723.66,17
Jodie Franciottoi,30/03/1977,89161.63,59
Clemente Delos,21/07/1989,71303.95,11
Sammy Oluwatoyin,03/11/1971,1329.79,49
Jamison Van den Bosch,14/02/1981,37065.19,30
Nathalie Pidgeon,18/07/1996,73558.34,30
Uta O'Kielt,17/12/1986,65407.33,9
Terrence Tighe,13/10/1979,91956.1,54
Mikel Spaducci,21/07/1989,69964.31,2
Kermy Byne,13/01/1997,11100.01,33
Wiatt Elcombe,21/12/1985,62298.58,14
Cherlyn Cosser,02/08/1983,82395.38,58
Dreddy Easthope,23/05/1988,12172.14,52
Roth Porrett,16/01/1984,83623.87,49
Samara Teasell,05/04/2000,50997.14,37
Leelah Cozby,20/04/1980,6620.11,13
Anetta Kibbey,21/01/1978,46639.31,14
Lonna Markie,08/07/1981,13811.34,13
Reggy MacWilliam,21/07/1976,61983.21,33
Georgianne Robun,16/03/1993,68961.15,31
Cherilynn Ketchaside,10/09/1973,40639.47,14
Sally Fancett,24/09/1987,2882.02,55
Tommie Storrar,06/04/1984,58365.6,21
Jillayne Antoniazzi,10/02/1993,37375.25,27
Carlen Larmet,24/08/1992,85449.44,56
Brendis Cremer,07/10/1982,80903.16,2
Nappy Delacour,25/07/1973,18260.97,46
Neilla Pierce,29/11/1994,64474.69,31
Harriette Slayny,09/01/1981,85292.58,57
Niko Crittal,28/02/1978,43400.97,15
Minne Sunley,27/02/1974,78400.21,34
Theressa Stansbie,09/10/1973,45966.54,25
Pippo Haggidon,12/07/1976,59141.38,54
Angel Crush,03/09/1992,10411.46,51
Riordan Edgeon,30/06/1994,17769.53,18
Regine Timpany,10/09/1985,58048.68,53
Joellyn Ahlf,18/03/1986,10708.55,38
Cordy Altimas,17/02/1976,88902.78,20
Vivia Dinesen,03/12/1989,41863.53,7
Ivan Maylam,01/09/1994,27904.65,55
Sandro Petters,26/09/1986,94561.24,42
Agretha Spowage,09/11/1995,6708.72,35
Nikolas Zum Felde,21/06/1979,80664.53,49
Milka Immins,20/11/1986,96940.21,40
Thorstein Cordelle,28/04/1992,17846.79,33
Judon Murphy,07/02/1980,11479.78,15
Rhett Gillogley,27/11/1980,68938.57,5
Dorette Gladdis,06/10/1999,61437.18,48
Gerta Fetteplace,28/10/1993,88172.18,29
Kata Pharro,25/04/1995,52263.9,41
Glynis Davio,31/01/1988,28956.21,48
Lynea Lyngsted,15/10/1992,46516.19,30
Nikolia Ducastel,03/01/1982,92243.45,60
Emmie Hinsch,17/04/1978,24172.07,38
Theodoric Scates,14/09/1987,35997.7,41
Anissa Hought,18/11/1984,84824.43,17
Margeaux Hutchins,11/10/1977,40600.11,32
Kent Weekland,28/07/1993,87773.01,57
Irwin Stanfield,21/05/1997,27886.8,31
Paolo Roget,22/10/1985,41896.32,3
Tarrah Ashfull,20/02/1993,57580.75,30
Pandora Smullin,25/07/1981,68996.61,29
Bridie Longwood,20/03/1981,92235.33,10
Germayne Rymell,03/11/1983,68191.16,37
Veradis Dring,26/10/1988,48283.71,23
Verne Drissell,13/10/1986,52585.54,1
Gwyneth Heyns,07/07/1999,59212.15,20
Violet Van Haeften,11/10/1981,54413.79,21
Constantin Le Marchant,06/01/1994,79761.28,19
Laurie Sander,18/01/1973,11149.48,24
Joletta Grout,21/04/1973,19642.24,7
Ferdy Batram,13/11/1988,95820.99,11
Cynthia Schneidar,23/07/1988,97085.68,14
Ellwood Steabler,07/08/1986,57177.64,20
Giorgio McIvor,23/02/1985,12333.79,2
Edgar Bruinsma,14/10/1979,38029.32,39
Lauree Tineman,31/12/1977,40918.17,26
Nicko Dahlbom,07/11/1975,10061.06,17
Almeria Pietrzyk,01/05/1992,40523.33,17
Hamnet Schoenrock,19/03/1972,45334.7,48
Whitby Caps,12/06/1999,34839.34,10
Otho Calderon,04/01/1978,28272.05,50
Rem Scholtz,19/01/1995,1994.38,9
Vincenty Gian,30/11/1994,20895.46,16
Bastian Ryan,11/09/1976,25314.46,25
Bastian Domenge,16/05/1985,80483.41,11
Courtney Mussetti,11/05/1985,28129.48,9
Andree Stedman,31/05/1995,3989.41,15
Annecorinne Hainey`,04/07/1991,19675.49,54
Joey Cheake,28/08/1980,97902.93,15
Cosimo Pardi,15/07/1999,43193.1,51
Tish Crayker,03/11/1985,22453.96,27
Hamnet Rudolfer,26/08/1996,24473.21,8
Seline Metrick,26/01/1981,10580.75,27
Saba Pietri,23/10/1988,60245.35,2
Joyce Byrd,08/04/1997,6830.32,60
Tabitha Bohlens,09/11/1971,24770.01,47
Gnni Trueman,06/08/1994,61564.26,57
Chickie Redmile,16/07/1991,64828.36,34
Sanson Peerman,06/11/1974,64696.98,1
Matilda Lorand,29/09/1985,28538.1,37
Axe Steere,27/12/1988,80953.76,33
Stefania Yeatman,27/11/1984,75815.86,7
Baryram Whoolehan,24/06/1991,29375.54,7
Lotti Tilbrook,21/01/1974,71216.21,32
Mirna Hansford,20/01/1983,16969.96,38
Rennie Botfield,14/02/1995,72848.91,22
Giulietta Shambroke,16/10/1991,27562.45,55
Nance Deshorts,02/05/1992,32006.63,4
Paolo Bidgood,16/06/1987,84811.97,21
Demetris Sommerlie,27/07/1985,86086.62,54
Shana Faill,27/08/1979,26660.12,53
Nonna Splevin,02/11/1992,96547.39,25
Klement Fossett,27/01/1994,37334.64,44
Gerek Lingner,11/08/1986,98050.86,46
Mariska Gwatkin,12/03/1999,63590.39,33
Thomasine McMullen,14/11/1997,71154.42,4
Yale Fain,09/06/1988,40268.77,0
Jenelle Yetts,08/07/1998,78626.14,32
Deedee Fasset,21/07/1989,25655.1,40
Cleon Chaney,09/03/1973,20831.31,11
Keenan Kaszper,05/01/1975,75424.19,54
Rina MacEvilly,01/09/1988,56436.8,25
Dorree Musson,11/06/1978,94103.01,4
Carmine Hedon,03/04/1991,5212.58,43
Derrick Anyene,14/06/1979,66420.07,1
Corri Threadgill,27/11/1981,49959.46,15
Humfrey Daltry,27/03/1973,4337.78,59
Hazel Medd,10/03/1979,94105.14,51
Anthea Muscat,19/06/1976,30832.73,51
Tyrus de Banke,25/11/1996,67744.41,14
Harley Ateggart,18/09/1977,1865.85,11
Nollie Giller,16/06/1993,25667.38,10
Elijah Shortcliffe,25/06/1998,5696.64,45
Tommie Coard,02/01/1980,23757.07,29
Beatriz Kenzie,25/04/1999,85550.61,8
Kiley Locock,14/04/1981,66925.62,43
Darrell Boatright,07/10/1993,55361.97,25
Amandie Keddie,25/03/1985,11937.17,8
Cosmo Runciman,06/08/1984,19149.52,25
Cleon Westall,22/07/1998,73579.93,39
Diarmid Mayworth,13/08/1992,75745.22,24
Cristiano Perfect,17/01/1986,20578.37,16
Maribelle Spriggin,11/09/1977,89009.55,32
Emalee Genny,09/09/1973,16065.25,40
Rebekah Thwaite,13/06/1985,91292.35,14
Candace Boffey,13/12/1991,25804.47,42
Denys Barcroft,22/10/1994,24848.51,44
Alejandra Mellmer,27/09/1992,50382.42,36
Justinn Darrington,16/07/1974,47187.72,32
Horace Jaze,22/08/1978,39430.21,19
Catlaina Plett,01/12/1998,46758.93,60
Arte Pietrzyk,13/09/1976,77103.79,0
Enid Cordon,04/04/1972,39601.84,3
Liliane Adamski,22/03/1988,61117.02,19
Etta Libbis,08/06/1987,20821.97,19
Dwayne Cranefield,31/08/1985,7283.41,15
Ronnica Kleinmann,23/09/1976,10548.98,17
Millie MacAlpyne,14/10/1986,11464.19,22
Dylan Bradd,07/11/1990,55063.45,5
Carleton Mollitt,21/12/1984,20879.8,9
Xaviera Farrier,21/02/1982,91358.4,8
Jordana Okenden,25/01/1976,36655.57,30
Godard Silverlock,25/10/1997,27724.22,41
Perceval Meads,24/09/1995,81556.32,20
Ainslie Purrier,15/01/1972,54682.26,43
Standford Tellenbach,05/02/1985,74237.15,30
Xenos Dankov,14/05/1978,57286.45,59
Odo Kendrew,16/12/1980,34848.8,10
Rafaellle McCarrell,07/12/1985,20755.16,47
Susannah Genney,03/11/1976,57940.68,14
Barnard Goullee,28/04/1985,25444.25,58
Genni Milkeham,20/04/1976,92431.31,17
Erminie Novotne,25/04/1980,81141.79,16
Meagan Bastie,02/07/1989,20854.65,5
Perrine Purvess,12/01/1986,27193.56,15
Bethany Leader,04/10/1976,2699.95,12
Bettina Greiswood,04/09/1993,26789.33,34
Joe Scandrick,30/06/1988,13100.07,38
Toby Farthin,06/03/1980,83902.39,34
Mariana Patis,18/08/1987,43818.33,23
Valentino De La Hay,21/02/1982,15137.17,47
Merle McClure,17/10/1972,5726.9,34
Towny Littlemore,22/09/1982,42659.86,14
Hartwell Ledrane,20/07/1977,4578.38,24
Paola Greenroad,11/04/1982,36290.35,17
Maryellen Barringer,20/08/1974,23686.65,58
Sheila-kathryn Idell,06/05/1995,11920.84,52
Imogen Stubbins,06/09/1990,29331.55,43
Wini Jansson,02/03/1981,62759.74,12
Archibaldo Presslie,20/04/1981,60894.24,19
Darrel Kencott,01/03/1979,9721.92,4
Elvera Asker,03/04/1989,3579.13,46
Giffer Howcroft,05/08/1997,46133.35,24
Engelbert Hawtry,10/11/1985,42617.78,19
Jeffry Gyrgorcewicx,17/05/1974,78794.93,10
Minnnie Banisch,12/06/1992,35505.81,18
Sanford Neads,03/06/1974,67160.19,30
Connie Yakov,18/05/1985,83609.24,22
Freddy Littlepage,26/11/1997,69378.9,26
Thaine Howford,10/02/1987,11845.56,3
Celestyn Westney,03/01/1978,14930.4,31
Faulkner Pero,02/08/1984,1480.32,22
Derril Brockest,26/03/1981,88814.4,12
Janna Pettigrew,29/05/1988,747.98,10
Coraline Earney,18/02/1972,75593.46,7
Irv Shulver,14/07/1996,70200.86,48
Beauregard Gooly,15/11/1992,52986.12,16
Kenyon Curedell,19/10/1971,3931.28,13
Morly Holleran,09/03/1983,81725.68,9
Damian Ginley,01/09/1987,1251.53,49
Jorgan Swiffan,09/10/1995,73593.37,38
Tracy Rouff,08/10/1994,37187.4,8
Danny Garfit,06/04/1977,19715.17,21
Zita Pilch,06/11/1983,75985.88,18
Elayne Jeremaes,18/05/1998,3095.05,47
Florencia Ugolini,05/10/1983,14481.89,0
Terry Constantine,21/01/1991,33342.22,41
Diana Ottery,14/08/1977,6427.71,16
Adelbert Sherrington,06/12/1982,249.75,50
Athena Isherwood,06/11/1976,69503.06,22
Sigvard Pickerill,25/07/1990,14100.6,26
Humphrey Kilbane,22/02/1991,32379.41,41
Bradan Georgeau,13/10/1973,32827.75,20
Maryann Parkes,22/02/1976,37099.48,59
Rebe Minthorpe,30/06/1995,97560.99,33
Darby Duckham,30/12/1989,41610.48,49
Kirsti Kristoffersson,08/12/1995,59773.4,28
Callie Cansfield,26/03/1991,54959.37,49
Jeanelle Roebottom,03/04/1997,81955.48,40
Emilie Ffrench,22/01/1983,21603.38,44
Mellisent Prestner,06/10/1998,30240.96,2
Letitia MacCombe,18/08/1981,90584.66,57
Mario Finders,01/10/1993,56776.28,14
Prent Keatch,09/09/1980,79731.09,30
Ortensia Holton,09/03/1999,82252.12,42
Genovera Croom,31/10/1979,43389.64,24
Felicdad Blackster,14/10/1998,56857.36,15
Shirley Faivre,12/08/1974,98934.35,24
Clem Ridgwell,08/11/1977,60209.43,49
Alyce Bigham,21/05/1991,89419.11,7
Merrily Brazenor,20/03/1983,68221.31,22
Aggi Durie,08/06/1986,44863.36,5
Tildy Osband,10/03/1990,47500.43,33
Ariana Bester,10/02/1984,96487.98,44
Celestine Beach,10/06/1994,53229.17,26
Jacinda Goshawke,01/07/1979,54466.87,48
Deva Healeas,26/06/1996,5081.58,31
Lydia Maffioni,21/05/1983,61460.63,12
Amity Ballinghall,14/04/1984,75778.99,53
Cybill Cannam,10/12/1978,42134.56,56
Stephanus Whitmore,10/09/1982,87323.72,58
Berkly Worgen,04/12/1985,32706.95,6
Wendel Leopard,13/02/1972,83263.56,40
Bil Dayley,17/07/1992,28033.18,5
Mattias Abdee,27/10/1986,9031.54,58
Bellina Hammerman,28/07/1975,50906.28,44
Melesa Pendell,06/07/1978,37208.43,25
Sheelagh Behrens,11/03/1999,12169.09,0
Dallas Kretschmer,28/03/1977,4192.47,29
Phillie Tagg,30/08/1980,51482.06,0
Monroe Cuffley,03/07/1981,97021,6
Ola Gledstane,04/06/1997,29053.37,13
Emily Hinksen,23/02/1986,39854.68,43
Meredithe Lofts,12/03/1993,25148.53,25
Binni Bussetti,25/11/1993,92151.34,43
Nalani Kidd,10/09/1983,20724.05,11
Kali Haffenden,10/11/1991,5601.1,11
Reed Vanyatin,27/09/1991,19554.51,30
Kipper Ferraresi,17/08/2000,49482.78,19
Analiese Goldis,24/02/1989,55417.57,2
Arline Schowenburg,27/09/1980,91890.47,47
Malorie Marxsen,16/11/1975,66741.79,31
Amalee Troker,04/07/1998,49527.55,36
Tamqrah Beadman,23/10/1978,60718.51,33
Had Mabbe,17/10/1986,32262.31,9
Shandee Pudden,28/11/1979,21318.22,35
Tann Zorener,28/06/1998,32482.29,50
Luci Dymick,16/11/1974,84341.3,36
Marleah Asbery,16/04/2000,60756.41,28
Carina Hampshaw,12/07/1974,74043.5,0
Fan O'Carran,17/06/1983,90718.28,2
Madlen Kaindl,10/03/1996,8220.36,17
Gallagher Cristofolo,10/07/1993,10442.45,29
Chick O' Ronan,26/07/1972,1376.1,38
Lazar Alenikov,03/09/1975,16106.61,17
Flo Danielsky,27/03/1977,76742.33,29
El Croston,14/02/1995,12964.1,0
Davon Sagg,06/12/1985,69938.29,56
Dania Byass,31/03/1976,85840.01,22
Kathye Thurlborn,19/03/1975,37975.15,43
Jo-ann Barnicott,27/06/1979,55989.85,51
Zitella Eloi,23/01/1991,81820.74,34
Jelene Scarbarrow,29/06/1980,85347.77,4
Angelica Blazy,20/07/1972,65206.57,49
Ozzy Hallede,22/11/1982,13528.14,8
Ambur Gallafant,12/01/1985,97651.99,7
Reider Haps,10/02/1989,47877.83,47
Ignazio Kalinowsky,10/07/1986,95113.86,34
Eydie Bridewell,27/09/1998,51024.89,41
Owen Pinfold,02/08/1990,12042.6,24
Fionnula Curtin,18/09/1975,46560.36,20
Wake Deneve,14/09/1997,32145.91,60
Erminia Soares,31/07/1998,10328.47,13
Halsey Barden,18/02/1990,33210.78,40
Clementine Caudrelier,05/04/1973,93736.38,14
Adella Petters,23/09/1992,38267.22,30
Sven Kitchingham,21/08/1993,61887.04,18
Theodosia Lowin,19/06/1986,54651.26,13
Westleigh Woloschinski,05/12/1976,46108.5,30
Rowney Boichat,29/09/1992,92204.26,25
Opaline MacIlory,09/09/1981,92979.1,55
Harlene Pinhorn,01/12/1980,70371.77,9
Ferrel De Freyne,13/11/1971,61293.35,26
Mariann Branston,21/12/1992,32081.67,22
Kimbra Redrup,17/04/1974,83861.85,15
Mellie Morando,15/08/1991,86120.6,19
Rozelle Fearnley,19/06/1993,98490.37,14
Adler Dumbare,02/01/1978,98476.69,29
Talia Breukelman,18/07/1998,80122.94,15
Kristyn Knevit,23/06/1999,18969.83,34
Ferdie Christoforou,14/06/1976,62826.12,28
Tammy Atkyns,04/05/1986,42864.54,1
Jaclin Dillingstone,02/09/1979,53305.93,17
Karylin Blinckhorne,31/05/1984,62113,38
Angus Sautter,11/12/1971,76471.36,25
Tim MacAlpin,23/06/1980,17035.52,12
Sadye Bow,07/05/1973,641.39,3
Welby Osborne,27/05/1991,5940.69,10
Emmye Lebbon,03/02/1976,14388.05,53
Liv Gwyn,18/06/1975,97110.03,7
Hayes Ohrt,28/07/1977,7036.46,4
Rosalie Rubert,16/06/1989,33229.12,18
Reeba Hindsberg,06/02/1975,66207.21,6
Haydon Feaver,17/08/1994,64881.5,20
Catarina Parley,07/07/1982,26519.32,10
Ethan Coolbear,21/01/1986,46578.9,45
Don Raatz,13/12/1976,43821.27,9
Gregory Honnicott,18/10/1986,42462.67,7
Jeana Farge,28/09/1989,43955.68,27
Teirtza Madrell,31/05/1995,45687.03,14
Steffi Jannex,11/04/1975,91469.43,7
Hurlee Baldacchi,20/07/1989,9443.6,37
Gun Danniel,17/02/1995,44376.03,24
Windy Mussett,05/11/1997,22391.35,18
Ryann Muzzullo,13/01/1975,12553.21,52
